CustomerId,CustomerName,CustomerEmail,CustomerGender,CustomerPhone
1,Zia Counihan,zcounihan0@pen.io,Male,145 821 4528
2,Dorey Stallen,dstallen1@bigcartel.com,Female,138 684 2779
3,Roze Gannan,rgannan2@bandcamp.com,Male,787 569 1064
4,Melicent Pomphrey,mpomphrey3@nsw.gov.au,Female,595 196 7115
5,Gonzalo Arnaldi,garnaldi4@samsung.com,Male,865 182 5039
6,Sam Booth-Jarvis,sboothjarvis5@npr.org,Male,469 889 6349
7,Frasquito Plaide,fplaide6@hud.gov,Male,771 754 1371
8,Ailsun Mirrlees,amirrlees7@mlb.com,Male,542 735 6734
9,Marion Scherme,mscherme8@mapy.cz,Female,157 780 9732
10,Petronia Ducker,pducker9@go.com,Female,801 795 5632
11,Ilysa Durram,idurrama@springer.com,Male,475 769 0313
12,Lynne Laffin,llaffinb@mit.edu,Male,763 955 0012
13,Bucky Tambling,btamblingc@blinklist.com,Female,309 855 8157
14,Ayn Kock,akockd@washingtonpost.com,Male,867 421 2175
15,Grace Yven,gyvene@twitpic.com,Female,109 896 9863
16,Meg Glowacz,mglowaczf@aboutads.info,Female,571 204 7013
17,George Mablestone,gmablestoneg@vinaora.com,Female,770 770 9898
18,Melanie Stookes,mstookesh@netvibes.com,Female,835 133 6792
19,Claiborn Helis,chelisi@cargocollective.com,Female,391 749 6252
20,Sigismund Critoph,scritophj@php.net,Female,650 740 8397
21,Harmonia Walsom,hwalsomk@goo.ne.jp,Male,362 559 2867
22,Barton Panyer,bpanyerl@ucoz.com,Male,955 783 1357
23,Vicky Collinette,vcollinettem@phoca.cz,Male,418 130 8963
24,Karola Fancott,kfancottn@latimes.com,Female,391 285 4503
25,Ortensia Prew,oprewo@networkadvertising.org,Female,815 292 2090
26,Jolynn Mafham,jmafhamp@oracle.com,Male,330 273 1825
27,Malynda Watmore,mwatmoreq@cnn.com,Female,880 233 2281
28,Stanislas Beert,sbeertr@youtu.be,Female,846 473 0947
29,Sada Gidden,sgiddens@pinterest.com,Female,977 787 7737
30,Brier Colebourne,bcolebournet@weebly.com,Male,349 131 4745
