DriverId,DriverName,DriverEmail,DriverPhone,DriverVehicle
1,Ferdinanda Cornborough,fcornborough0@blogtalkradio.com,Female,GMC
2,Darwin Jannex,djannex1@walmart.com,Male,BMW
3,Gray Baudy,gbaudy2@cocolog-nifty.com,Female,BMW
4,Beale Dochon,bdochon3@acquirethisname.com,Female,Mitsubishi
5,Lazare Sonschein,lsonschein4@washingtonpost.com,Female,Honda
6,Osborn Attfield,oattfield5@yellowbook.com,Female,Land Rover
7,Hallie Upex,hupex6@qq.com,Female,GMC
8,Edgard Helin,ehelin7@printfriendly.com,Female,Mazda
9,Cammie Farnall,cfarnall8@businessinsider.com,Male,Chevrolet
10,Udall Rockhall,urockhall9@canalblog.com,Male,Mercedes-Benz
11,Cicily Ducham,cduchama@creativecommons.org,Female,Audi
12,Melina Simacek,msimacekb@eepurl.com,Female,Volkswagen
13,Ortensia Tichner,otichnerc@vkontakte.ru,Female,Mercedes-Benz
14,Zelig Tremethack,ztremethackd@cdbaby.com,Female,Infiniti
15,Claudelle Garrattley,cgarrattleye@dmoz.org,Male,Dodge
16,Vickie Jeffreys,vjeffreysf@ft.com,Male,Land Rover
17,Dierdre Hyrons,dhyronsg@fema.gov,Male,Toyota
18,Rufus Oxtaby,roxtabyh@census.gov,Female,Toyota
19,Madalyn Odhams,modhamsi@flickr.com,Female,Dodge
20,Erhard Cottisford,ecottisfordj@wp.com,Female,Volvo
21,Arni Blanckley,ablanckleyk@exblog.jp,Male,Toyota
22,Crissie Balwin,cbalwinl@imdb.com,Female,Volkswagen
23,Milty Josefer,mjoseferm@lulu.com,Male,Audi
24,Isabelle Rayburn,irayburnn@jugem.jp,Male,Chevrolet
25,Amabel Bindon,abindono@latimes.com,Male,Lotus
26,Barbi Giacoppo,bgiacoppop@usgs.gov,Male,Volvo
27,Piper Imlen,pimlenq@bigcartel.com,Female,Honda
28,Sean Callf,scallfr@wiley.com,Female,Suzuki
29,Bronnie Chasles,bchasless@shop-pro.jp,Male,Audi
30,Marquita Jewise,mjewiset@cbc.ca,Male,Suzuki
